--
-- PostgreSQL database dump
--

-- Dumped from database version 14.13 (Ubuntu 14.13-0ubuntu0.22.04.1)
-- Dumped by pg_dump version 14.13 (Ubuntu 14.13-0ubuntu0.22.04.1)

SET statement_timeout = 0;
SET lock_timeout = 0;
SET idle_in_transaction_session_timeout = 0;
SET client_encoding = 'UTF8';
SET standard_conforming_strings = on;
SELECT pg_catalog.set_config('search_path', '', false);
SET check_function_bodies = false;
SET xmloption = content;
SET client_min_messages = warning;
SET row_security = off;

SET default_tablespace = '';

SET default_table_access_method = heap;

--
-- Name: auth_group; Type: TABLE; Schema: public; Owner: brvke1
--

CREATE TABLE public.auth_group (
    id integer NOT NULL,
    name character varying(150) NOT NULL
);


ALTER TABLE public.auth_group OWNER TO brvke1;

--
-- Name: auth_group_id_seq; Type: SEQUENCE; Schema: public; Owner: brvke1
--

ALTER TABLE public.auth_group ALTER COLUMN id ADD GENERATED BY DEFAULT AS IDENTITY (
    SEQUENCE NAME public.auth_group_id_seq
    START WITH 1
    INCREMENT BY 1
    NO MINVALUE
    NO MAXVALUE
    CACHE 1
);


--
-- Name: auth_group_permissions; Type: TABLE; Schema: public; Owner: brvke1
--

CREATE TABLE public.auth_group_permissions (
    id bigint NOT NULL,
    group_id integer NOT NULL,
    permission_id integer NOT NULL
);


ALTER TABLE public.auth_group_permissions OWNER TO brvke1;

--
-- Name: auth_group_permissions_id_seq; Type: SEQUENCE; Schema: public; Owner: brvke1
--

ALTER TABLE public.auth_group_permissions ALTER COLUMN id ADD GENERATED BY DEFAULT AS IDENTITY (
    SEQUENCE NAME public.auth_group_permissions_id_seq
    START WITH 1
    INCREMENT BY 1
    NO MINVALUE
    NO MAXVALUE
    CACHE 1
);


--
-- Name: auth_permission; Type: TABLE; Schema: public; Owner: brvke1
--

CREATE TABLE public.auth_permission (
    id integer NOT NULL,
    name character varying(255) NOT NULL,
    content_type_id integer NOT NULL,
    codename character varying(100) NOT NULL
);


ALTER TABLE public.auth_permission OWNER TO brvke1;

--
-- Name: auth_permission_id_seq; Type: SEQUENCE; Schema: public; Owner: brvke1
--

ALTER TABLE public.auth_permission ALTER COLUMN id ADD GENERATED BY DEFAULT AS IDENTITY (
    SEQUENCE NAME public.auth_permission_id_seq
    START WITH 1
    INCREMENT BY 1
    NO MINVALUE
    NO MAXVALUE
    CACHE 1
);


--
-- Name: auth_user; Type: TABLE; Schema: public; Owner: brvke1
--

CREATE TABLE public.auth_user (
    id integer NOT NULL,
    password character varying(128) NOT NULL,
    last_login timestamp with time zone,
    is_superuser boolean NOT NULL,
    username character varying(150) NOT NULL,
    first_name character varying(150) NOT NULL,
    last_name character varying(150) NOT NULL,
    email character varying(254) NOT NULL,
    is_staff boolean NOT NULL,
    is_active boolean NOT NULL,
    date_joined timestamp with time zone NOT NULL
);


ALTER TABLE public.auth_user OWNER TO brvke1;

--
-- Name: auth_user_groups; Type: TABLE; Schema: public; Owner: brvke1
--

CREATE TABLE public.auth_user_groups (
    id bigint NOT NULL,
    user_id integer NOT NULL,
    group_id integer NOT NULL
);


ALTER TABLE public.auth_user_groups OWNER TO brvke1;

--
-- Name: auth_user_groups_id_seq; Type: SEQUENCE; Schema: public; Owner: brvke1
--

ALTER TABLE public.auth_user_groups ALTER COLUMN id ADD GENERATED BY DEFAULT AS IDENTITY (
    SEQUENCE NAME public.auth_user_groups_id_seq
    START WITH 1
    INCREMENT BY 1
    NO MINVALUE
    NO MAXVALUE
    CACHE 1
);


--
-- Name: auth_user_id_seq; Type: SEQUENCE; Schema: public; Owner: brvke1
--

ALTER TABLE public.auth_user ALTER COLUMN id ADD GENERATED BY DEFAULT AS IDENTITY (
    SEQUENCE NAME public.auth_user_id_seq
    START WITH 1
    INCREMENT BY 1
    NO MINVALUE
    NO MAXVALUE
    CACHE 1
);


--
-- Name: auth_user_user_permissions; Type: TABLE; Schema: public; Owner: brvke1
--

CREATE TABLE public.auth_user_user_permissions (
    id bigint NOT NULL,
    user_id integer NOT NULL,
    permission_id integer NOT NULL
);


ALTER TABLE public.auth_user_user_permissions OWNER TO brvke1;

--
-- Name: auth_user_user_permissions_id_seq; Type: SEQUENCE; Schema: public; Owner: brvke1
--

ALTER TABLE public.auth_user_user_permissions ALTER COLUMN id ADD GENERATED BY DEFAULT AS IDENTITY (
    SEQUENCE NAME public.auth_user_user_permissions_id_seq
    START WITH 1
    INCREMENT BY 1
    NO MINVALUE
    NO MAXVALUE
    CACHE 1
);


--
-- Name: django_admin_log; Type: TABLE; Schema: public; Owner: brvke1
--

CREATE TABLE public.django_admin_log (
    id integer NOT NULL,
    action_time timestamp with time zone NOT NULL,
    object_id text,
    object_repr character varying(200) NOT NULL,
    action_flag smallint NOT NULL,
    change_message text NOT NULL,
    content_type_id integer,
    user_id integer NOT NULL,
    CONSTRAINT django_admin_log_action_flag_check CHECK ((action_flag >= 0))
);


ALTER TABLE public.django_admin_log OWNER TO brvke1;

--
-- Name: django_admin_log_id_seq; Type: SEQUENCE; Schema: public; Owner: brvke1
--

ALTER TABLE public.django_admin_log ALTER COLUMN id ADD GENERATED BY DEFAULT AS IDENTITY (
    SEQUENCE NAME public.django_admin_log_id_seq
    START WITH 1
    INCREMENT BY 1
    NO MINVALUE
    NO MAXVALUE
    CACHE 1
);


--
-- Name: django_content_type; Type: TABLE; Schema: public; Owner: brvke1
--

CREATE TABLE public.django_content_type (
    id integer NOT NULL,
    app_label character varying(100) NOT NULL,
    model character varying(100) NOT NULL
);


ALTER TABLE public.django_content_type OWNER TO brvke1;

--
-- Name: django_content_type_id_seq; Type: SEQUENCE; Schema: public; Owner: brvke1
--

ALTER TABLE public.django_content_type ALTER COLUMN id ADD GENERATED BY DEFAULT AS IDENTITY (
    SEQUENCE NAME public.django_content_type_id_seq
    START WITH 1
    INCREMENT BY 1
    NO MINVALUE
    NO MAXVALUE
    CACHE 1
);


--
-- Name: django_migrations; Type: TABLE; Schema: public; Owner: brvke1
--

CREATE TABLE public.django_migrations (
    id bigint NOT NULL,
    app character varying(255) NOT NULL,
    name character varying(255) NOT NULL,
    applied timestamp with time zone NOT NULL
);


ALTER TABLE public.django_migrations OWNER TO brvke1;

--
-- Name: django_migrations_id_seq; Type: SEQUENCE; Schema: public; Owner: brvke1
--

ALTER TABLE public.django_migrations ALTER COLUMN id ADD GENERATED BY DEFAULT AS IDENTITY (
    SEQUENCE NAME public.django_migrations_id_seq
    START WITH 1
    INCREMENT BY 1
    NO MINVALUE
    NO MAXVALUE
    CACHE 1
);


--
-- Name: django_session; Type: TABLE; Schema: public; Owner: brvke1
--

CREATE TABLE public.django_session (
    session_key character varying(40) NOT NULL,
    session_data text NOT NULL,
    expire_date timestamp with time zone NOT NULL
);


ALTER TABLE public.django_session OWNER TO brvke1;

--
-- Name: yet_booking; Type: TABLE; Schema: public; Owner: brvke1
--

CREATE TABLE public.yet_booking (
    id bigint NOT NULL,
    booking_date date NOT NULL,
    status character varying(20) NOT NULL,
    event_type character varying(20) NOT NULL,
    user_id integer NOT NULL,
    venue_id bigint NOT NULL
);


ALTER TABLE public.yet_booking OWNER TO brvke1;

--
-- Name: yet_booking_id_seq; Type: SEQUENCE; Schema: public; Owner: brvke1
--

ALTER TABLE public.yet_booking ALTER COLUMN id ADD GENERATED BY DEFAULT AS IDENTITY (
    SEQUENCE NAME public.yet_booking_id_seq
    START WITH 1
    INCREMENT BY 1
    NO MINVALUE
    NO MAXVALUE
    CACHE 1
);


--
-- Name: yet_profile; Type: TABLE; Schema: public; Owner: brvke1
--

CREATE TABLE public.yet_profile (
    id bigint NOT NULL,
    user_type character varying(10) NOT NULL,
    user_id integer NOT NULL
);


ALTER TABLE public.yet_profile OWNER TO brvke1;

--
-- Name: yet_profile_id_seq; Type: SEQUENCE; Schema: public; Owner: brvke1
--

ALTER TABLE public.yet_profile ALTER COLUMN id ADD GENERATED BY DEFAULT AS IDENTITY (
    SEQUENCE NAME public.yet_profile_id_seq
    START WITH 1
    INCREMENT BY 1
    NO MINVALUE
    NO MAXVALUE
    CACHE 1
);


--
-- Name: yet_review; Type: TABLE; Schema: public; Owner: brvke1
--

CREATE TABLE public.yet_review (
    id bigint NOT NULL,
    rating integer NOT NULL,
    comment text NOT NULL,
    created_at timestamp with time zone NOT NULL,
    user_id integer NOT NULL,
    venue_id bigint NOT NULL
);


ALTER TABLE public.yet_review OWNER TO brvke1;

--
-- Name: yet_review_id_seq; Type: SEQUENCE; Schema: public; Owner: brvke1
--

ALTER TABLE public.yet_review ALTER COLUMN id ADD GENERATED BY DEFAULT AS IDENTITY (
    SEQUENCE NAME public.yet_review_id_seq
    START WITH 1
    INCREMENT BY 1
    NO MINVALUE
    NO MAXVALUE
    CACHE 1
);


--
-- Name: yet_venue; Type: TABLE; Schema: public; Owner: brvke1
--

CREATE TABLE public.yet_venue (
    id bigint NOT NULL,
    name character varying(100) NOT NULL,
    location character varying(200) NOT NULL,
    capacity integer NOT NULL,
    rental_price numeric(10,2) NOT NULL,
    description text NOT NULL,
    event_type character varying(20) NOT NULL,
    created_at timestamp with time zone NOT NULL,
    owner_id bigint NOT NULL,
    image character varying(100)
);


ALTER TABLE public.yet_venue OWNER TO brvke1;

--
-- Name: yet_venue_id_seq; Type: SEQUENCE; Schema: public; Owner: brvke1
--

ALTER TABLE public.yet_venue ALTER COLUMN id ADD GENERATED BY DEFAULT AS IDENTITY (
    SEQUENCE NAME public.yet_venue_id_seq
    START WITH 1
    INCREMENT BY 1
    NO MINVALUE
    NO MAXVALUE
    CACHE 1
);


--
-- Data for Name: auth_group; Type: TABLE DATA; Schema: public; Owner: brvke1
--

COPY public.auth_group (id, name) FROM stdin;
1	owners
\.


--
-- Data for Name: auth_group_permissions; Type: TABLE DATA; Schema: public; Owner: brvke1
--

COPY public.auth_group_permissions (id, group_id, permission_id) FROM stdin;
1	1	33
2	1	34
3	1	35
4	1	36
5	1	41
6	1	42
7	1	43
8	1	44
9	1	45
10	1	46
11	1	47
12	1	48
\.


--
-- Data for Name: auth_permission; Type: TABLE DATA; Schema: public; Owner: brvke1
--

COPY public.auth_permission (id, name, content_type_id, codename) FROM stdin;
1	Can add log entry	1	add_logentry
2	Can change log entry	1	change_logentry
3	Can delete log entry	1	delete_logentry
4	Can view log entry	1	view_logentry
5	Can add permission	2	add_permission
6	Can change permission	2	change_permission
7	Can delete permission	2	delete_permission
8	Can view permission	2	view_permission
9	Can add group	3	add_group
10	Can change group	3	change_group
11	Can delete group	3	delete_group
12	Can view group	3	view_group
13	Can add user	4	add_user
14	Can change user	4	change_user
15	Can delete user	4	delete_user
16	Can view user	4	view_user
17	Can add content type	5	add_contenttype
18	Can change content type	5	change_contenttype
19	Can delete content type	5	delete_contenttype
20	Can view content type	5	view_contenttype
21	Can add session	6	add_session
22	Can change session	6	change_session
23	Can delete session	6	delete_session
24	Can view session	6	view_session
25	Can add notification	7	add_notification
26	Can change notification	7	change_notification
27	Can delete notification	7	delete_notification
28	Can view notification	7	view_notification
29	Can add profile	8	add_profile
30	Can change profile	8	change_profile
31	Can delete profile	8	delete_profile
32	Can view profile	8	view_profile
33	Can add venue	9	add_venue
34	Can change venue	9	change_venue
35	Can delete venue	9	delete_venue
36	Can view venue	9	view_venue
37	Can add review	10	add_review
38	Can change review	10	change_review
39	Can delete review	10	delete_review
40	Can view review	10	view_review
41	Can add booking	11	add_booking
42	Can change booking	11	change_booking
43	Can delete booking	11	delete_booking
44	Can view booking	11	view_booking
45	Can add venue image	12	add_venueimage
46	Can change venue image	12	change_venueimage
47	Can delete venue image	12	delete_venueimage
48	Can view venue image	12	view_venueimage
\.


--
-- Data for Name: auth_user; Type: TABLE DATA; Schema: public; Owner: brvke1
--

COPY public.auth_user (id, password, last_login, is_superuser, username, first_name, last_name, email, is_staff, is_active, date_joined) FROM stdin;
4	pbkdf2_sha256$870000$GF9F4JhbaUpxM13hK74RoJ$UfLM3elH+JtNJZHUBotVvP3f/l3GF62qBuNQdHkvSZ0=	2024-10-17 00:28:21.254695+03	f	bruke_owner			tayebruke@gmail.com	t	t	2024-10-16 16:27:21+03
2	pbkdf2_sha256$870000$u6I5kHTdOjN2xEfO3iXFXn$sQ0XxVoSiReaFwgenfKJ2pTcee53wRu1lebY1iCZ3fQ=	2024-10-17 00:31:58.514284+03	t	bruke			tayebruke@gmail.com	t	t	2024-10-14 18:11:01.984391+03
6	pbkdf2_sha256$870000$w5UJ0bJqk9xpV484st4jA1$Bi8JKZWWX15yhKKxVwIKuxWnMSwSMOkcSc6d9j5D95c=	2024-10-16 18:52:51.095005+03	f	birhane				f	t	2024-10-16 18:49:13.622365+03
\.


--
-- Data for Name: auth_user_groups; Type: TABLE DATA; Schema: public; Owner: brvke1
--

COPY public.auth_user_groups (id, user_id, group_id) FROM stdin;
2	4	1
\.


--
-- Data for Name: auth_user_user_permissions; Type: TABLE DATA; Schema: public; Owner: brvke1
--

COPY public.auth_user_user_permissions (id, user_id, permission_id) FROM stdin;
1	4	33
\.


--
-- Data for Name: django_admin_log; Type: TABLE DATA; Schema: public; Owner: brvke1
--

COPY public.django_admin_log (id, action_time, object_id, object_repr, action_flag, change_message, content_type_id, user_id) FROM stdin;
1	2024-10-16 15:55:25.66695+03	3	brukeowner	3		4	2
2	2024-10-16 15:55:25.667265+03	1	brvke	3		4	2
3	2024-10-16 17:25:36.248363+03	1	owners	1	[{"added": {}}]	3	2
4	2024-10-16 17:26:20.567337+03	5	nathenapse	1	[{"added": {}}]	4	2
5	2024-10-16 17:26:53.802532+03	5	nathenapse	2	[{"changed": {"fields": ["Groups"]}}]	4	2
6	2024-10-16 17:27:52.623306+03	5	nathenapse	2	[{"changed": {"fields": ["Staff status"]}}]	4	2
7	2024-10-16 17:51:07.880453+03	5	nathenapse	3		4	2
8	2024-10-16 17:52:21.129793+03	4	bruke_owner	2	[{"changed": {"fields": ["Staff status", "Groups"]}}]	4	2
9	2024-10-16 19:36:00.79741+03	4	bruke_owner	2	[{"changed": {"fields": ["User permissions"]}}]	4	2
10	2024-10-16 19:59:39.315352+03	8	Owner	2	[{"changed": {"fields": ["User type"]}}]	8	2
11	2024-10-16 21:46:54.241495+03	1	Hyatt reagency	1	[{"added": {}}, {"added": {"name": "venue image", "object": "Image for Hyatt reagency"}}]	9	4
12	2024-10-17 00:09:40.651732+03	1	Hyatt reagency	2	[{"changed": {"fields": ["Image"]}}]	9	2
\.


--
-- Data for Name: django_content_type; Type: TABLE DATA; Schema: public; Owner: brvke1
--

COPY public.django_content_type (id, app_label, model) FROM stdin;
1	admin	logentry
2	auth	permission
3	auth	group
4	auth	user
5	contenttypes	contenttype
6	sessions	session
7	yet	notification
8	yet	profile
9	yet	venue
10	yet	review
11	yet	booking
12	yet	venueimage
\.


--
-- Data for Name: django_migrations; Type: TABLE DATA; Schema: public; Owner: brvke1
--

COPY public.django_migrations (id, app, name, applied) FROM stdin;
1	contenttypes	0001_initial	2024-10-14 17:43:23.785401+03
2	auth	0001_initial	2024-10-14 17:43:24.001143+03
3	admin	0001_initial	2024-10-14 17:43:24.054804+03
4	admin	0002_logentry_remove_auto_add	2024-10-14 17:43:24.069242+03
5	admin	0003_logentry_add_action_flag_choices	2024-10-14 17:43:24.087794+03
6	contenttypes	0002_remove_content_type_name	2024-10-14 17:43:24.133686+03
7	auth	0002_alter_permission_name_max_length	2024-10-14 17:43:24.147213+03
8	auth	0003_alter_user_email_max_length	2024-10-14 17:43:24.17074+03
9	auth	0004_alter_user_username_opts	2024-10-14 17:43:24.186284+03
10	auth	0005_alter_user_last_login_null	2024-10-14 17:43:24.205128+03
11	auth	0006_require_contenttypes_0002	2024-10-14 17:43:24.208944+03
12	auth	0007_alter_validators_add_error_messages	2024-10-14 17:43:24.228286+03
13	auth	0008_alter_user_username_max_length	2024-10-14 17:43:24.265706+03
14	auth	0009_alter_user_last_name_max_length	2024-10-14 17:43:24.283012+03
15	auth	0010_alter_group_name_max_length	2024-10-14 17:43:24.302991+03
16	auth	0011_update_proxy_permissions	2024-10-14 17:43:24.317176+03
17	auth	0012_alter_user_first_name_max_length	2024-10-14 17:43:24.341529+03
18	sessions	0001_initial	2024-10-14 17:43:24.386056+03
19	yet	0001_initial	2024-10-14 17:43:24.607486+03
20	yet	0002_venue_image_alter_venue_owner_delete_notification	2024-10-16 23:21:40.759565+03
21	yet	0003_alter_venue_image_delete_venueimage	2024-10-16 23:58:15.642339+03
\.


--
-- Data for Name: django_session; Type: TABLE DATA; Schema: public; Owner: brvke1
--

COPY public.django_session (session_key, session_data, expire_date) FROM stdin;
b7zfwjpmzxq8spw2rd7oy720fkkae4ko	.eJxVjDkOwjAQRe_iGlnexgslPWewZrzgAHKkOKkQd4dIKaD9773_YhG3tcVtlCVOmZ2ZYqffjTA9St9BvmO_zTzNfV0m4rvCDzr4dc7leTncv4OGo31rZ2oFH5w1SQrtQVWSUECrQN6AstYK77Do7KqsyVmN5EyAmhMZq0iw9we6mTcr:1t176H:N3n_LjA5ruTIcQuNkqmkJXzdlC1fQ7fEamzFvSFUnCc	2024-10-30 19:42:17.598739+03
58ywd1kb82ry7uaxnaiqi1r5t7ahtbbb	.eJxVjDkOwjAQRe_iGlnexgslPWewZrzgAHKkOKkQd4dIKaD9773_YhG3tcVtlCVOmZ2ZYqffjTA9St9BvmO_zTzNfV0m4rvCDzr4dc7leTncv4OGo31rZ2oFH5w1SQrtQVWSUECrQN6AstYK77Do7KqsyVmN5EyAmhMZq0iw9we6mTcr:1t0k3H:Owb8v_gRkMwIEwBsdPDiycLvqFZWgRn9l8Rhxd3CP6g	2024-10-29 19:05:39.49357+03
fw03zjtbqxeghb7uldvpdya5lz4h5fx8	.eJxVjDkOwjAQRe_iGlnexgslPWewZrzgAHKkOKkQd4dIKaD9773_YhG3tcVtlCVOmZ2ZYqffjTA9St9BvmO_zTzNfV0m4rvCDzr4dc7leTncv4OGo31rZ2oFH5w1SQrtQVWSUECrQN6AstYK77Do7KqsyVmN5EyAmhMZq0iw9we6mTcr:1t1Bca:JitnUOIZYLQ7ChrIxq_ek4-9iZF1JiSZMbfmDSP88ig	2024-10-31 00:31:56.432768+03
fraegasoagth6qkr0qmqx5ix8apulmr2	.eJxVjMEOwiAQRP-FsyEUAcGj934D2V0WqRpISnsy_rtt0oMeZ96beYsI61Li2nmOUxJXYcTpt0OgJ9cdpAfUe5PU6jJPKHdFHrTLsSV-3Q7376BAL9t6QJPZB80qkD-Ty9oO6CkzEhqtkyFy7LfAwIzZK-9UvgRrM6CyRovPFxRIOSk:1t16vf:fPpwtApsonHR3cTQ9zOV7qvkC_DCi7A8yEL4flKN-Xk	2024-10-30 19:31:19.993265+03
\.


--
-- Data for Name: yet_booking; Type: TABLE DATA; Schema: public; Owner: brvke1
--

COPY public.yet_booking (id, booking_date, status, event_type, user_id, venue_id) FROM stdin;
\.


--
-- Data for Name: yet_profile; Type: TABLE DATA; Schema: public; Owner: brvke1
--

COPY public.yet_profile (id, user_type, user_id) FROM stdin;
2	User	2
5	User	4
8	Owner	6
\.


--
-- Data for Name: yet_review; Type: TABLE DATA; Schema: public; Owner: brvke1
--

COPY public.yet_review (id, rating, comment, created_at, user_id, venue_id) FROM stdin;
\.


--
-- Data for Name: yet_venue; Type: TABLE DATA; Schema: public; Owner: brvke1
--

COPY public.yet_venue (id, name, location, capacity, rental_price, description, event_type, created_at, owner_id, image) FROM stdin;
1	Hyatt reagency	Meskel square	500	200000.00	wedding hall with vendors	Wedding	2024-10-16 21:46:54.123976+03	8	venues_images/Hyatt-Regency-Addis-Ababa-P025-Ballroom-Setup.4x3.png
\.


--
-- Name: auth_group_id_seq; Type: SEQUENCE SET; Schema: public; Owner: brvke1
--

SELECT pg_catalog.setval('public.auth_group_id_seq', 1, true);


--
-- Name: auth_group_permissions_id_seq; Type: SEQUENCE SET; Schema: public; Owner: brvke1
--

SELECT pg_catalog.setval('public.auth_group_permissions_id_seq', 12, true);


--
-- Name: auth_permission_id_seq; Type: SEQUENCE SET; Schema: public; Owner: brvke1
--

SELECT pg_catalog.setval('public.auth_permission_id_seq', 48, true);


--
-- Name: auth_user_groups_id_seq; Type: SEQUENCE SET; Schema: public; Owner: brvke1
--

SELECT pg_catalog.setval('public.auth_user_groups_id_seq', 2, true);


--
-- Name: auth_user_id_seq; Type: SEQUENCE SET; Schema: public; Owner: brvke1
--

SELECT pg_catalog.setval('public.auth_user_id_seq', 6, true);


--
-- Name: auth_user_user_permissions_id_seq; Type: SEQUENCE SET; Schema: public; Owner: brvke1
--

SELECT pg_catalog.setval('public.auth_user_user_permissions_id_seq', 1, true);


--
-- Name: django_admin_log_id_seq; Type: SEQUENCE SET; Schema: public; Owner: brvke1
--

SELECT pg_catalog.setval('public.django_admin_log_id_seq', 12, true);


--
-- Name: django_content_type_id_seq; Type: SEQUENCE SET; Schema: public; Owner: brvke1
--

SELECT pg_catalog.setval('public.django_content_type_id_seq', 12, true);


--
-- Name: django_migrations_id_seq; Type: SEQUENCE SET; Schema: public; Owner: brvke1
--

SELECT pg_catalog.setval('public.django_migrations_id_seq', 21, true);


--
-- Name: yet_booking_id_seq; Type: SEQUENCE SET; Schema: public; Owner: brvke1
--

SELECT pg_catalog.setval('public.yet_booking_id_seq', 1, false);


--
-- Name: yet_profile_id_seq; Type: SEQUENCE SET; Schema: public; Owner: brvke1
--

SELECT pg_catalog.setval('public.yet_profile_id_seq', 8, true);


--
-- Name: yet_review_id_seq; Type: SEQUENCE SET; Schema: public; Owner: brvke1
--

SELECT pg_catalog.setval('public.yet_review_id_seq', 1, false);


--
-- Name: yet_venue_id_seq; Type: SEQUENCE SET; Schema: public; Owner: brvke1
--

SELECT pg_catalog.setval('public.yet_venue_id_seq', 1, true);


--
-- Name: auth_group auth_group_name_key; Type: CONSTRAINT; Schema: public; Owner: brvke1
--

ALTER TABLE ONLY public.auth_group
    ADD CONSTRAINT auth_group_name_key UNIQUE (name);


--
-- Name: auth_group_permissions auth_group_permissions_group_id_permission_id_0cd325b0_uniq; Type: CONSTRAINT; Schema: public; Owner: brvke1
--

ALTER TABLE ONLY public.auth_group_permissions
    ADD CONSTRAINT auth_group_permissions_group_id_permission_id_0cd325b0_uniq UNIQUE (group_id, permission_id);


--
-- Name: auth_group_permissions auth_group_permissions_pkey; Type: CONSTRAINT; Schema: public; Owner: brvke1
--

ALTER TABLE ONLY public.auth_group_permissions
    ADD CONSTRAINT auth_group_permissions_pkey PRIMARY KEY (id);


--
-- Name: auth_group auth_group_pkey; Type: CONSTRAINT; Schema: public; Owner: brvke1
--

ALTER TABLE ONLY public.auth_group
    ADD CONSTRAINT auth_group_pkey PRIMARY KEY (id);


--
-- Name: auth_permission auth_permission_content_type_id_codename_01ab375a_uniq; Type: CONSTRAINT; Schema: public; Owner: brvke1
--

ALTER TABLE ONLY public.auth_permission
    ADD CONSTRAINT auth_permission_content_type_id_codename_01ab375a_uniq UNIQUE (content_type_id, codename);


--
-- Name: auth_permission auth_permission_pkey; Type: CONSTRAINT; Schema: public; Owner: brvke1
--

ALTER TABLE ONLY public.auth_permission
    ADD CONSTRAINT auth_permission_pkey PRIMARY KEY (id);


--
-- Name: auth_user_groups auth_user_groups_pkey; Type: CONSTRAINT; Schema: public; Owner: brvke1
--

ALTER TABLE ONLY public.auth_user_groups
    ADD CONSTRAINT auth_user_groups_pkey PRIMARY KEY (id);


--
-- Name: auth_user_groups auth_user_groups_user_id_group_id_94350c0c_uniq; Type: CONSTRAINT; Schema: public; Owner: brvke1
--

ALTER TABLE ONLY public.auth_user_groups
    ADD CONSTRAINT auth_user_groups_user_id_group_id_94350c0c_uniq UNIQUE (user_id, group_id);


--
-- Name: auth_user auth_user_pkey; Type: CONSTRAINT; Schema: public; Owner: brvke1
--

ALTER TABLE ONLY public.auth_user
    ADD CONSTRAINT auth_user_pkey PRIMARY KEY (id);


--
-- Name: auth_user_user_permissions auth_user_user_permissions_pkey; Type: CONSTRAINT; Schema: public; Owner: brvke1
--

ALTER TABLE ONLY public.auth_user_user_permissions
    ADD CONSTRAINT auth_user_user_permissions_pkey PRIMARY KEY (id);


--
-- Name: auth_user_user_permissions auth_user_user_permissions_user_id_permission_id_14a6b632_uniq; Type: CONSTRAINT; Schema: public; Owner: brvke1
--

ALTER TABLE ONLY public.auth_user_user_permissions
    ADD CONSTRAINT auth_user_user_permissions_user_id_permission_id_14a6b632_uniq UNIQUE (user_id, permission_id);


--
-- Name: auth_user auth_user_username_key; Type: CONSTRAINT; Schema: public; Owner: brvke1
--

ALTER TABLE ONLY public.auth_user
    ADD CONSTRAINT auth_user_username_key UNIQUE (username);


--
-- Name: django_admin_log django_admin_log_pkey; Type: CONSTRAINT; Schema: public; Owner: brvke1
--

ALTER TABLE ONLY public.django_admin_log
    ADD CONSTRAINT django_admin_log_pkey PRIMARY KEY (id);


--
-- Name: django_content_type django_content_type_app_label_model_76bd3d3b_uniq; Type: CONSTRAINT; Schema: public; Owner: brvke1
--

ALTER TABLE ONLY public.django_content_type
    ADD CONSTRAINT django_content_type_app_label_model_76bd3d3b_uniq UNIQUE (app_label, model);


--
-- Name: django_content_type django_content_type_pkey; Type: CONSTRAINT; Schema: public; Owner: brvke1
--

ALTER TABLE ONLY public.django_content_type
    ADD CONSTRAINT django_content_type_pkey PRIMARY KEY (id);


--
-- Name: django_migrations django_migrations_pkey; Type: CONSTRAINT; Schema: public; Owner: brvke1
--

ALTER TABLE ONLY public.django_migrations
    ADD CONSTRAINT django_migrations_pkey PRIMARY KEY (id);


--
-- Name: django_session django_session_pkey; Type: CONSTRAINT; Schema: public; Owner: brvke1
--

ALTER TABLE ONLY public.django_session
    ADD CONSTRAINT django_session_pkey PRIMARY KEY (session_key);


--
-- Name: yet_booking yet_booking_pkey; Type: CONSTRAINT; Schema: public; Owner: brvke1
--

ALTER TABLE ONLY public.yet_booking
    ADD CONSTRAINT yet_booking_pkey PRIMARY KEY (id);


--
-- Name: yet_profile yet_profile_pkey; Type: CONSTRAINT; Schema: public; Owner: brvke1
--

ALTER TABLE ONLY public.yet_profile
    ADD CONSTRAINT yet_profile_pkey PRIMARY KEY (id);


--
-- Name: yet_profile yet_profile_user_id_key; Type: CONSTRAINT; Schema: public; Owner: brvke1
--

ALTER TABLE ONLY public.yet_profile
    ADD CONSTRAINT yet_profile_user_id_key UNIQUE (user_id);


--
-- Name: yet_review yet_review_pkey; Type: CONSTRAINT; Schema: public; Owner: brvke1
--

ALTER TABLE ONLY public.yet_review
    ADD CONSTRAINT yet_review_pkey PRIMARY KEY (id);


--
-- Name: yet_venue yet_venue_pkey; Type: CONSTRAINT; Schema: public; Owner: brvke1
--

ALTER TABLE ONLY public.yet_venue
    ADD CONSTRAINT yet_venue_pkey PRIMARY KEY (id);


--
-- Name: auth_group_name_a6ea08ec_like; Type: INDEX; Schema: public; Owner: brvke1
--

CREATE INDEX auth_group_name_a6ea08ec_like ON public.auth_group USING btree (name varchar_pattern_ops);


--
-- Name: auth_group_permissions_group_id_b120cbf9; Type: INDEX; Schema: public; Owner: brvke1
--

CREATE INDEX auth_group_permissions_group_id_b120cbf9 ON public.auth_group_permissions USING btree (group_id);


--
-- Name: auth_group_permissions_permission_id_84c5c92e; Type: INDEX; Schema: public; Owner: brvke1
--

CREATE INDEX auth_group_permissions_permission_id_84c5c92e ON public.auth_group_permissions USING btree (permission_id);


--
-- Name: auth_permission_content_type_id_2f476e4b; Type: INDEX; Schema: public; Owner: brvke1
--

CREATE INDEX auth_permission_content_type_id_2f476e4b ON public.auth_permission USING btree (content_type_id);


--
-- Name: auth_user_groups_group_id_97559544; Type: INDEX; Schema: public; Owner: brvke1
--

CREATE INDEX auth_user_groups_group_id_97559544 ON public.auth_user_groups USING btree (group_id);


--
-- Name: auth_user_groups_user_id_6a12ed8b; Type: INDEX; Schema: public; Owner: brvke1
--

CREATE INDEX auth_user_groups_user_id_6a12ed8b ON public.auth_user_groups USING btree (user_id);


--
-- Name: auth_user_user_permissions_permission_id_1fbb5f2c; Type: INDEX; Schema: public; Owner: brvke1
--

CREATE INDEX auth_user_user_permissions_permission_id_1fbb5f2c ON public.auth_user_user_permissions USING btree (permission_id);


--
-- Name: auth_user_user_permissions_user_id_a95ead1b; Type: INDEX; Schema: public; Owner: brvke1
--

CREATE INDEX auth_user_user_permissions_user_id_a95ead1b ON public.auth_user_user_permissions USING btree (user_id);


--
-- Name: auth_user_username_6821ab7c_like; Type: INDEX; Schema: public; Owner: brvke1
--

CREATE INDEX auth_user_username_6821ab7c_like ON public.auth_user USING btree (username varchar_pattern_ops);


--
-- Name: django_admin_log_content_type_id_c4bce8eb; Type: INDEX; Schema: public; Owner: brvke1
--

CREATE INDEX django_admin_log_content_type_id_c4bce8eb ON public.django_admin_log USING btree (content_type_id);


--
-- Name: django_admin_log_user_id_c564eba6; Type: INDEX; Schema: public; Owner: brvke1
--

CREATE INDEX django_admin_log_user_id_c564eba6 ON public.django_admin_log USING btree (user_id);


--
-- Name: django_session_expire_date_a5c62663; Type: INDEX; Schema: public; Owner: brvke1
--

CREATE INDEX django_session_expire_date_a5c62663 ON public.django_session USING btree (expire_date);


--
-- Name: django_session_session_key_c0390e0f_like; Type: INDEX; Schema: public; Owner: brvke1
--

CREATE INDEX django_session_session_key_c0390e0f_like ON public.django_session USING btree (session_key varchar_pattern_ops);


--
-- Name: yet_booking_user_id_b4f8e077; Type: INDEX; Schema: public; Owner: brvke1
--

CREATE INDEX yet_booking_user_id_b4f8e077 ON public.yet_booking USING btree (user_id);


--
-- Name: yet_booking_venue_id_c9928dac; Type: INDEX; Schema: public; Owner: brvke1
--

CREATE INDEX yet_booking_venue_id_c9928dac ON public.yet_booking USING btree (venue_id);


--
-- Name: yet_review_user_id_9e9bef82; Type: INDEX; Schema: public; Owner: brvke1
--

CREATE INDEX yet_review_user_id_9e9bef82 ON public.yet_review USING btree (user_id);


--
-- Name: yet_review_venue_id_f80763c3; Type: INDEX; Schema: public; Owner: brvke1
--

CREATE INDEX yet_review_venue_id_f80763c3 ON public.yet_review USING btree (venue_id);


--
-- Name: yet_venue_owner_id_04c8110c; Type: INDEX; Schema: public; Owner: brvke1
--

CREATE INDEX yet_venue_owner_id_04c8110c ON public.yet_venue USING btree (owner_id);


--
-- Name: auth_group_permissions auth_group_permissio_permission_id_84c5c92e_fk_auth_perm; Type: FK CONSTRAINT; Schema: public; Owner: brvke1
--

ALTER TABLE ONLY public.auth_group_permissions
    ADD CONSTRAINT auth_group_permissio_permission_id_84c5c92e_fk_auth_perm FOREIGN KEY (permission_id) REFERENCES public.auth_permission(id) DEFERRABLE INITIALLY DEFERRED;


--
-- Name: auth_group_permissions auth_group_permissions_group_id_b120cbf9_fk_auth_group_id; Type: FK CONSTRAINT; Schema: public; Owner: brvke1
--

ALTER TABLE ONLY public.auth_group_permissions
    ADD CONSTRAINT auth_group_permissions_group_id_b120cbf9_fk_auth_group_id FOREIGN KEY (group_id) REFERENCES public.auth_group(id) DEFERRABLE INITIALLY DEFERRED;


--
-- Name: auth_permission auth_permission_content_type_id_2f476e4b_fk_django_co; Type: FK CONSTRAINT; Schema: public; Owner: brvke1
--

ALTER TABLE ONLY public.auth_permission
    ADD CONSTRAINT auth_permission_content_type_id_2f476e4b_fk_django_co FOREIGN KEY (content_type_id) REFERENCES public.django_content_type(id) DEFERRABLE INITIALLY DEFERRED;


--
-- Name: auth_user_groups auth_user_groups_group_id_97559544_fk_auth_group_id; Type: FK CONSTRAINT; Schema: public; Owner: brvke1
--

ALTER TABLE ONLY public.auth_user_groups
    ADD CONSTRAINT auth_user_groups_group_id_97559544_fk_auth_group_id FOREIGN KEY (group_id) REFERENCES public.auth_group(id) DEFERRABLE INITIALLY DEFERRED;


--
-- Name: auth_user_groups auth_user_groups_user_id_6a12ed8b_fk_auth_user_id; Type: FK CONSTRAINT; Schema: public; Owner: brvke1
--

ALTER TABLE ONLY public.auth_user_groups
    ADD CONSTRAINT auth_user_groups_user_id_6a12ed8b_fk_auth_user_id FOREIGN KEY (user_id) REFERENCES public.auth_user(id) DEFERRABLE INITIALLY DEFERRED;


--
-- Name: auth_user_user_permissions auth_user_user_permi_permission_id_1fbb5f2c_fk_auth_perm; Type: FK CONSTRAINT; Schema: public; Owner: brvke1
--

ALTER TABLE ONLY public.auth_user_user_permissions
    ADD CONSTRAINT auth_user_user_permi_permission_id_1fbb5f2c_fk_auth_perm FOREIGN KEY (permission_id) REFERENCES public.auth_permission(id) DEFERRABLE INITIALLY DEFERRED;


--
-- Name: auth_user_user_permissions auth_user_user_permissions_user_id_a95ead1b_fk_auth_user_id; Type: FK CONSTRAINT; Schema: public; Owner: brvke1
--

ALTER TABLE ONLY public.auth_user_user_permissions
    ADD CONSTRAINT auth_user_user_permissions_user_id_a95ead1b_fk_auth_user_id FOREIGN KEY (user_id) REFERENCES public.auth_user(id) DEFERRABLE INITIALLY DEFERRED;


--
-- Name: django_admin_log django_admin_log_content_type_id_c4bce8eb_fk_django_co; Type: FK CONSTRAINT; Schema: public; Owner: brvke1
--

ALTER TABLE ONLY public.django_admin_log
    ADD CONSTRAINT django_admin_log_content_type_id_c4bce8eb_fk_django_co FOREIGN KEY (content_type_id) REFERENCES public.django_content_type(id) DEFERRABLE INITIALLY DEFERRED;


--
-- Name: django_admin_log django_admin_log_user_id_c564eba6_fk_auth_user_id; Type: FK CONSTRAINT; Schema: public; Owner: brvke1
--

ALTER TABLE ONLY public.django_admin_log
    ADD CONSTRAINT django_admin_log_user_id_c564eba6_fk_auth_user_id FOREIGN KEY (user_id) REFERENCES public.auth_user(id) DEFERRABLE INITIALLY DEFERRED;


--
-- Name: yet_booking yet_booking_user_id_b4f8e077_fk_auth_user_id; Type: FK CONSTRAINT; Schema: public; Owner: brvke1
--

ALTER TABLE ONLY public.yet_booking
    ADD CONSTRAINT yet_booking_user_id_b4f8e077_fk_auth_user_id FOREIGN KEY (user_id) REFERENCES public.auth_user(id) DEFERRABLE INITIALLY DEFERRED;


--
-- Name: yet_booking yet_booking_venue_id_c9928dac_fk_yet_venue_id; Type: FK CONSTRAINT; Schema: public; Owner: brvke1
--

ALTER TABLE ONLY public.yet_booking
    ADD CONSTRAINT yet_booking_venue_id_c9928dac_fk_yet_venue_id FOREIGN KEY (venue_id) REFERENCES public.yet_venue(id) DEFERRABLE INITIALLY DEFERRED;


--
-- Name: yet_profile yet_profile_user_id_71935c7b_fk_auth_user_id; Type: FK CONSTRAINT; Schema: public; Owner: brvke1
--

ALTER TABLE ONLY public.yet_profile
    ADD CONSTRAINT yet_profile_user_id_71935c7b_fk_auth_user_id FOREIGN KEY (user_id) REFERENCES public.auth_user(id) DEFERRABLE INITIALLY DEFERRED;


--
-- Name: yet_review yet_review_user_id_9e9bef82_fk_auth_user_id; Type: FK CONSTRAINT; Schema: public; Owner: brvke1
--

ALTER TABLE ONLY public.yet_review
    ADD CONSTRAINT yet_review_user_id_9e9bef82_fk_auth_user_id FOREIGN KEY (user_id) REFERENCES public.auth_user(id) DEFERRABLE INITIALLY DEFERRED;


--
-- Name: yet_review yet_review_venue_id_f80763c3_fk_yet_venue_id; Type: FK CONSTRAINT; Schema: public; Owner: brvke1
--

ALTER TABLE ONLY public.yet_review
    ADD CONSTRAINT yet_review_venue_id_f80763c3_fk_yet_venue_id FOREIGN KEY (venue_id) REFERENCES public.yet_venue(id) DEFERRABLE INITIALLY DEFERRED;


--
-- Name: yet_venue yet_venue_owner_id_04c8110c_fk_yet_profile_id; Type: FK CONSTRAINT; Schema: public; Owner: brvke1
--

ALTER TABLE ONLY public.yet_venue
    ADD CONSTRAINT yet_venue_owner_id_04c8110c_fk_yet_profile_id FOREIGN KEY (owner_id) REFERENCES public.yet_profile(id) DEFERRABLE INITIALLY DEFERRED;


--
-- PostgreSQL database dump complete
--

